{
  "by_model": {
    "claude-opus-4.5": {
      "same_lang_bleu": 29.99844034381218,
      "same_lang_chrf": 59.066304936684645,
      "same_lang_bertscore": 0.8298575261777098,
      "same_lang_comet": 0.8310410480268977,
      "cross_lang_xlm_roberta": 0.978906663981351,
      "cross_lang_labse": 0.9763260067186572,
      "cross_lang_mbert": 0.9620497470552271,
      "cross_lang_comet_qe": -0.012014644178138538
    },
    "gemini-3-pro": {
      "same_lang_bleu": 31.848251702859045,
      "same_lang_chrf": 59.9138994329376,
      "same_lang_bertscore": 0.8053535297513008,
      "same_lang_comet": 0.8283649677918716,
      "cross_lang_xlm_roberta": 0.9166675812818788,
      "cross_lang_labse": 0.8897373706779697,
      "cross_lang_mbert": 0.9000451595268466,
      "cross_lang_comet_qe": 0.19992884248495102
    },
    "gpt-5.1": {
      "same_lang_bleu": 29.36862794783783,
      "same_lang_chrf": 57.82628738511436,
      "same_lang_bertscore": 0.8120716197246854,
      "same_lang_comet": 0.8255644731900909,
      "cross_lang_xlm_roberta": 0.951390287076885,
      "cross_lang_labse": 0.9404473128643903,
      "cross_lang_mbert": 0.9427696141329679,
      "cross_lang_comet_qe": 0.08584362264214591
    },
    "kimi-k2": {
      "same_lang_bleu": 28.84460371519032,
      "same_lang_chrf": 57.4527558761346,
      "same_lang_bertscore": 0.8072393953455665,
      "same_lang_comet": 0.8285515167120564,
      "cross_lang_xlm_roberta": 0.9253045668491738,
      "cross_lang_labse": 0.9185586068671563,
      "cross_lang_mbert": 0.8997107055145881,
      "cross_lang_comet_qe": 0.16867241327989999
    }
  },
  "by_language": {
    "arabic": {
      "same_lang_bleu": 9.639138292581922,
      "same_lang_chrf": 46.5808622136193,
      "same_lang_bertscore": 0.7524000060829249,
      "same_lang_comet": 0.7184511186047033,
      "cross_lang_xlm_roberta": 0.9413679492744532,
      "cross_lang_labse": 0.9223522286523472,
      "cross_lang_mbert": 0.9189589030363343,
      "cross_lang_comet_qe": 0.14762347589500927
    },
    "chinese_simplified": {
      "same_lang_bleu": 10.751615242539144,
      "same_lang_chrf": 41.55810760470991,
      "same_lang_bertscore": 0.8204311653971672,
      "same_lang_comet": 0.865435507487167,
      "cross_lang_xlm_roberta": 0.9425737742673267,
      "cross_lang_labse": 0.9248242303729057,
      "cross_lang_mbert": 0.9188961738889868,
      "cross_lang_comet_qe": 0.15753079095686023
    },
    "haitian_creole": {
      "same_lang_bleu": 33.65556753336478,
      "same_lang_chrf": 62.31218259270534,
      "same_lang_bertscore": 0.8236967811639282,
      "same_lang_comet": 0.800258496711994,
      "cross_lang_xlm_roberta": 0.9459775576646301,
      "cross_lang_labse": 0.9386419475763693,
      "cross_lang_mbert": 0.9285965979784384,
      "cross_lang_comet_qe": 0.030397015912779445
    },
    "korean": {
      "same_lang_bleu": 19.734814357303012,
      "same_lang_chrf": 42.010135226003385,
      "same_lang_bertscore": 0.8013814877380024,
      "same_lang_comet": 0.863192504779859,
      "cross_lang_xlm_roberta": 0.9358642453497107,
      "cross_lang_labse": 0.9199868853796612,
      "cross_lang_mbert": 0.9147703620520505,
      "cross_lang_comet_qe": 0.1520489463582635
    },
    "russian": {
      "same_lang_bleu": 30.441425283036818,
      "same_lang_chrf": 64.5078983879165,
      "same_lang_bertscore": 0.8153922694852982,
      "same_lang_comet": 0.8536420615240076,
      "cross_lang_xlm_roberta": 0.9420110370920992,
      "cross_lang_labse": 0.9272325703467446,
      "cross_lang_mbert": 0.9211885100123526,
      "cross_lang_comet_qe": 0.12367817947919342
    },
    "spanish": {
      "same_lang_bleu": 49.291279027673916,
      "same_lang_chrf": 75.33584857048321,
      "same_lang_bertscore": 0.8473729904402386,
      "same_lang_comet": 0.8194446915929968,
      "cross_lang_xlm_roberta": 0.9412537183273922,
      "cross_lang_labse": 0.9359411414374005,
      "cross_lang_mbert": 0.9287114272063429,
      "cross_lang_comet_qe": 0.09498756802217527
    },
    "tagalog": {
      "same_lang_bleu": 39.72166267458118,
      "same_lang_chrf": 71.05719307522561,
      "same_lang_bertscore": 0.8173351082308539,
      "same_lang_comet": 0.8501012044391413,
      "cross_lang_xlm_roberta": 0.9489483148202129,
      "cross_lang_labse": 0.9399182995160421,
      "cross_lang_mbert": 0.9470715152806249,
      "cross_lang_comet_qe": 0.08715028255835347
    },
    "vietnamese": {
      "same_lang_bleu": 47.080763694061176,
      "same_lang_chrf": 65.446256300482,
      "same_lang_bertscore": 0.8314287195151503,
      "same_lang_comet": 0.8567269173535433,
      "cross_lang_xlm_roberta": 0.9472350471399047,
      "cross_lang_labse": 0.9418108023025773,
      "cross_lang_mbert": 0.9320674687623978,
      "cross_lang_comet_qe": 0.08843521198088472
    }
  }
}